<Schema name="Esquema de Ventas">
  <Cube name="Cubo de Ventas" cache="true" enabled="true">
    <Table name="dw_ventasfact">
    </Table>
    <Dimension type="StandardDimension" foreignKey="fecha" highCardinality="false" name="Tiempo">
      <Hierarchy name="Por A&#241;o" hasAll="true" allMemberName="Por A&#241;o - Todos" primaryKey="fecha">
        <Table name="dw_tiemposlookup">
        </Table>
        <Level name="A&#241;o" column="anio" type="String" uniqueMembers="false" levelType="Regular" hideMemberIf="Never">
        </Level>
        <Level name="Semestre" column="semestre" type="String" uniqueMembers="false" levelType="Regular" hideMemberIf="Never">
        </Level>
        <Level name="Trimestre" column="trimestre" type="String" uniqueMembers="false" levelType="Regular" hideMemberIf="Never">
        </Level>
        <Level name="Mes" column="mesLetra" ordinalColumn="mesNumero" type="String" uniqueMembers="false" levelType="Regular" hideMemberIf="Never">
        </Level>
        <Level name="Semana" column="semanaMes" type="String" uniqueMembers="false" levelType="Regular" hideMemberIf="Never">
        </Level>
        <Level name="D&#237;a" column="diaSemanaLetra" ordinalColumn="diaSemanaNumero" type="String" uniqueMembers="false" levelType="Regular" hideMemberIf="Never">
        </Level>
      </Hierarchy>
      <Hierarchy name="Estaci&#243;n" hasAll="true" allMemberName="Estaci&#243;n - Todos" primaryKey="fecha">
        <Table name="dw_tiemposlookup">
        </Table>
        <Level name="Estaci&#243;n" column="estacion" type="String" uniqueMembers="false" levelType="Regular" hideMemberIf="Never">
        </Level>
      </Hierarchy>
    </Dimension>
    <Dimension type="StandardDimension" foreignKey="idCliente" highCardinality="false" name="Clientes">
      <Hierarchy name="Por Zonas" hasAll="true" allMemberName="Por Zonas - Todos" primaryKey="idCliente">
        <Table name="dw_clienteslookup">
        </Table>
        <Level name="Zona" column="zona" type="String" uniqueMembers="false" levelType="Regular" hideMemberIf="Never">
        </Level>
        <Level name="Cliente" column="cliente" type="String" uniqueMembers="false" levelType="Regular" hideMemberIf="Never">
          <Property name="Cuenta Habilitada" column="cuentaHabilitada" type="String">
          </Property>
        </Level>
      </Hierarchy>
      <Hierarchy name="Clientes" hasAll="true" allMemberName="Clientes - Todos" primaryKey="idCliente">
        <Table name="dw_clienteslookup">
        </Table>
        <Level name="Cliente" column="cliente" type="String" uniqueMembers="false" levelType="Regular" hideMemberIf="Never">
          <Property name="Cuenta Habilitada" column="cuentaHabilitada" type="String">
          </Property>
        </Level>
      </Hierarchy>
    </Dimension>
    <Dimension type="StandardDimension" foreignKey="idVendedor" highCardinality="false" name="Vendedores">
      <Hierarchy name="Vendedores" hasAll="true" allMemberName="Vendedores - Todos" primaryKey="idVendedor">
        <Table name="dw_vendedoreslookup">
        </Table>
        <Level name="Vendedor" column="Vendedor" type="String" uniqueMembers="false" levelType="Regular" hideMemberIf="Never">
          <Property name="Comisi&#243;n" column="Comision" type="String">
          </Property>
        </Level>
      </Hierarchy>
    </Dimension>
    <Dimension type="StandardDimension" foreignKey="idProducto" highCardinality="false" name="Productos">
      <Hierarchy name="Por Proveedor" hasAll="true" allMemberName="Por Proveedor - Todos" primaryKey="idProducto">
        <Table name="dw_productoslookup">
        </Table>
        <Level name="Proveedor" column="Proveedor" type="String" uniqueMembers="false" levelType="Regular" hideMemberIf="Never">
        </Level>
        <Level name="Producto" column="Producto" type="String" uniqueMembers="false" levelType="Regular" hideMemberIf="Never">
          <Property name="Rubro" column="Rubro" type="String">
          </Property>
        </Level>
      </Hierarchy>
      <Hierarchy name="Por Rubros" hasAll="true" allMemberName="Por Rubros - Todos" primaryKey="idProducto">
        <Table name="dw_productoslookup">
        </Table>
        <Level name="Rubro" column="Rubro" type="String" uniqueMembers="false" levelType="Regular" hideMemberIf="Never">
        </Level>
        <Level name="Producto" column="Producto" type="String" uniqueMembers="false" levelType="Regular" hideMemberIf="Never">
          <Property name="Proveedor" column="Proveedor" type="String">
          </Property>
        </Level>
      </Hierarchy>
    </Dimension>
    <Measure name="Cantidad" column="cantidad" datatype="Numeric" aggregator="sum" visible="true">
    </Measure>
    <Measure name="Importe" column="importe" datatype="Numeric" aggregator="sum" visible="true">
    </Measure>
  </Cube>
</Schema>
