<Schema name="Ventas">
	<Cube name="Ventas" cache="true" enabled="true">
		<Table name="dw_ventasfact">
		</Table>
		<Dimension type="StandardDimension" foreignKey="fecha" name="Tiempo">
			<Hierarchy name="Por A&#241;o" hasAll="true" allMemberName="Por A&#241;o - Todos" primaryKey="fecha" primaryKeyTable="dw_tiemposlookup">
				<Table name="dw_tiemposlookup">
				</Table>
				<Level name="A&#241;o" table="dw_tiemposlookup" column="anio" type="String" uniqueMembers="false" levelType="Regular" hideMemberIf="Never">
				</Level>
				<Level name="Semestre" table="dw_tiemposlookup" column="semestre" type="String" uniqueMembers="false" levelType="Regular" hideMemberIf="Never">
				</Level>
				<Level name="Trimestre" table="dw_tiemposlookup" column="trimestre" type="String" uniqueMembers="false" levelType="Regular" hideMemberIf="Never">
				</Level>
				<Level name="Mes" table="dw_tiemposlookup" column="mesLetra" ordinalColumn="mesNumero" type="String" uniqueMembers="false" levelType="Regular" hideMemberIf="Never">
				</Level>
				<Level name="Semana" table="dw_tiemposlookup" column="semanaMes" type="String" uniqueMembers="false" levelType="Regular" hideMemberIf="Never">
				</Level>
				<Level name="D&#237;a" table="dw_tiemposlookup" column="diaSemanaLetra" ordinalColumn="diaSemanaNumero" type="String" uniqueMembers="false" levelType="Regular" hideMemberIf="Never">
				</Level>
			</Hierarchy>
			<Hierarchy name="Por Estaci&#243;n" hasAll="true" allMemberName="Por Estaci&#243;n - Todos" primaryKey="fecha" primaryKeyTable="dw_tiemposlookup">
				<Table name="dw_tiemposlookup">
				</Table>
				<Level name="Estaci&#243;n" table="dw_tiemposlookup" column="estacion" type="String" uniqueMembers="false" levelType="Regular" hideMemberIf="Never">
				</Level>
			</Hierarchy>
		</Dimension>
		<Dimension type="StandardDimension" foreignKey="idCliente" name="Clientes">
			<Hierarchy name="Por Zona" hasAll="true" allMemberName="Por Zona - Todos" primaryKey="idCliente" primaryKeyTable="dw_clienteslookup">
				<Table name="dw_clienteslookup">
				</Table>
				<Level name="Zona" table="dw_clienteslookup" column="zona" type="String" uniqueMembers="false" levelType="Regular" hideMemberIf="Never">
				</Level>
				<Level name="Cliente" table="dw_clienteslookup" column="cliente" type="String" uniqueMembers="false" levelType="Regular" hideMemberIf="Never">
					<Property name="Cuenta Habilitada" column="cuentaHabilitada" type="String">
					</Property>
				</Level>
			</Hierarchy>
			<Hierarchy name="Clientes" hasAll="true" allMemberName="Clientes - Todos" primaryKey="idCliente" primaryKeyTable="dw_clienteslookup">
				<Table name="dw_clienteslookup">
				</Table>
				<Level name="Cliente" table="dw_clienteslookup" column="cliente" type="String" uniqueMembers="false" levelType="Regular" hideMemberIf="Never">
					<Property name="Cuenta Habilitada" column="cuentaHabilitada" type="String">
					</Property>
				</Level>
			</Hierarchy>
		</Dimension>
		<Dimension type="StandardDimension" foreignKey="idVendedor" name="Vendedores">
			<Hierarchy name="Vendedores" hasAll="true" allMemberName="Vendedores - Todos" primaryKey="idVendedor" primaryKeyTable="dw_vendedoreslookup">
				<Table name="dw_vendedoreslookup">
				</Table>
				<Level name="Vendedor" table="dw_vendedoreslookup" column="Vendedor" type="String" uniqueMembers="false" levelType="Regular" hideMemberIf="Never">
					<Property name="Comisi&#243;n" column="Comision" type="String">
					</Property>
				</Level>
			</Hierarchy>
		</Dimension>
		<Dimension type="StandardDimension" foreignKey="idProducto" name="Productos">
			<Hierarchy name="Por Proveedor" hasAll="true" allMemberName="Por Proveedor - Todos" primaryKey="idProducto" primaryKeyTable="dw_productoslookup">
				<Table name="dw_productoslookup">
				</Table>
				<Level name="Proveedor" table="dw_productoslookup" column="Proveedor" type="String" uniqueMembers="false" levelType="Regular" hideMemberIf="Never">
				</Level>
				<Level name="Producto" table="dw_productoslookup" column="Producto" type="String" uniqueMembers="false" levelType="Regular" hideMemberIf="Never">
					<Property name="Rubro" column="Rubro" type="String">
					</Property>
				</Level>
			</Hierarchy>
			<Hierarchy name="Por Rubros" hasAll="true" allMemberName="Por Rubros - Todos" primaryKey="idProducto" primaryKeyTable="dw_productoslookup">
				<Table name="dw_productoslookup">
				</Table>
				<Level name="Rubro" table="dw_productoslookup" column="Rubro" type="String" uniqueMembers="false" levelType="Regular" hideMemberIf="Never">
				</Level>
				<Level name="Producto" table="dw_productoslookup" column="Producto" type="String" uniqueMembers="false" levelType="Regular" hideMemberIf="Never">
					<Property name="Proveedor" column="Proveedor" type="String">
					</Property>
				</Level>
			</Hierarchy>
		</Dimension>
		<Measure name="Cantidad" column="cantidad" datatype="Numeric" aggregator="sum" visible="true">
		</Measure>
		<Measure name="Importe" column="importe" datatype="Numeric" aggregator="sum" visible="true">
		</Measure>
	</Cube>
</Schema>
